{
  "alpha": 0.0,
  "bin_order": [
    "bin_0000_0500",
    "bin_0500_0700",
    "bin_0700_0900",
    "bin_0900_1100",
    "bin_1100_inf"
  ],
  "dataset_order": [
    "InterHand2.6M",
    "DexYCB_s1",
    "HO3D_v3",
    "HOT3D"
  ],
  "before_global": [
    [
      0.0,
      0.0,
      0.0,
      0.2996677999578777,
      0.2793085566731148
    ],
    [
      0.0014948116972643495,
      0.021186469175481972,
      0.06505103350140969,
      0.03333858387564356,
      0.005154498682349859
    ],
    [
      0.01433645829093078,
      0.01146683043639086,
      0.0035241168027383054,
      0.0,
      0.0
    ],
    [
      0.24417995083368582,
      0.02129089007311233,
      0.0,
      0.0,
      0.0
    ]
  ],
  "after_global": [
    [
      0.0,
      0.0,
      0.0,
      0.1,
      0.1
    ],
    [
      0.06666666666666667,
      0.06666666666666667,
      0.1,
      0.1,
      0.1
    ],
    [
      0.06666666666666667,
      0.06666666666666667,
      0.1,
      0.0,
      0.0
    ],
    [
      0.06666666666666667,
      0.06666666666666667,
      0.0,
      0.0,
      0.0
    ]
  ],
  "before_bin_marginal": [
    0.26001122082188094,
    0.05394418968498516,
    0.06857515030414799,
    0.3330063838335212,
    0.2844630553554647
  ],
  "after_bin_marginal": [
    0.2,
    0.2,
    0.2,
    0.2,
    0.2
  ],
  "before_dataset_marginal": [
    0.5789763566309925,
    0.12622539693214943,
    0.029327405530059948,
    0.2654708409067982
  ],
  "after_dataset_marginal": [
    0.2,
    0.43333333333333335,
    0.23333333333333334,
    0.13333333333333333
  ]
}