{
  "root": "/mnt/qnap/data/datasets/webdatasets/depth-bins",
  "active_mix_strategy": "uniform_random",
  "note": "\u5f53\u524d\u6b63\u5f0f\u914d\u7f6e\u4ecd\u4e3a uniform_random\uff08\u4ec5\u6309 bin \u7b49\u6743\uff09\u3002\u672c\u6587\u4ef6\u989d\u5916\u7ed9\u51fa\u5728 dataset_bin_balanced(alpha=0.5, min_cell_samples=1000) \u4e0b\u7684 dataset\u00d7bin cell \u6743\u91cd\uff0c\u4fbf\u4e8e\u5206\u6790\u3002",
  "dataset_balance_alpha": 0.5,
  "min_cell_samples": 1000,
  "configured_bin_weights": [
    0.2,
    0.2,
    0.2,
    0.2,
    0.2
  ],
  "bin_order": [
    "bin_0000_0500",
    "bin_0500_0700",
    "bin_0700_0900",
    "bin_0900_1100",
    "bin_1100_inf"
  ],
  "dataset_order": [
    "InterHand2.6M",
    "DexYCB_s1",
    "HO3D_v3",
    "HOT3D"
  ],
  "cell_counts": [
    [
      0,
      0,
      0,
      846593,
      789076
    ],
    [
      4223,
      59854,
      183776,
      94185,
      14562
    ],
    [
      40502,
      32395,
      9956,
      0,
      0
    ],
    [
      689834,
      60149,
      0,
      0,
      0
    ]
  ],
  "cell_global_weights": [
    [
      0.0,
      0.0,
      0.0,
      0.05002373095710369,
      0.02391999759478783
    ],
    [
      0.14274041568175522,
      0.05958018760384859,
      0.0377616926638148,
      0.14997626904289632,
      0.17608000240521215
    ],
    [
      0.04609133244142083,
      0.08098590950908915,
      0.1622383073361852,
      0.0,
      0.0
    ],
    [
      0.011168251876823961,
      0.05943390288706227,
      0.0,
      0.0,
      0.0
    ]
  ],
  "cell_within_bin_weights": [
    [
      0.0,
      0.0,
      0.0,
      0.2501186547855184,
      0.11959998797393916
    ],
    [
      0.7137020784087761,
      0.29790093801924294,
      0.18880846331907403,
      0.7498813452144816,
      0.8804000120260609
    ],
    [
      0.23045666220710415,
      0.40492954754544574,
      0.811191536680926,
      0.0,
      0.0
    ],
    [
      0.0558412593841198,
      0.2971695144353113,
      0.0,
      0.0,
      0.0
    ]
  ]
}