{
  "gt_z_mm": 910.08026,
  "z_min_mm": -185.56414000000018,
  "z_max_mm": 2005.72466,
  "grid_step_mm": 2.1420222873900294,
  "sigmas": [
    0.006,
    0.015,
    0.1,
    1.0,
    2.0,
    4.0
  ],
  "nearest_bin_offsets_mm": [
    -13.923144868035251,
    -11.78112258064516,
    -9.639100293255296,
    -7.497078005865205,
    -5.355055718475114,
    -3.213033431085023,
    -1.0710111436951593,
    1.0710111436949319,
    3.213033431085023,
    5.355055718474887,
    7.497078005864978,
    9.63910029325507,
    11.78112258064516,
    13.923144868035024,
    16.065167155425115
  ]
}